city,state,borough,neighborhood,zipcode
New York,NY,Bronx,Central Bronx,10453
New York,NY,Bronx,Central Bronx,10457
New York,NY,Bronx,Central Bronx,10460
New York,NY,Bronx,Bronx Park and Fordham,10458
New York,NY,Bronx,Bronx Park and Fordham,10467
New York,NY,Bronx,Bronx Park and Fordham,10468
New York,NY,Bronx,High Bridge and Morrisania,10451
New York,NY,Bronx,High Bridge and Morrisania,10452
New York,NY,Bronx,High Bridge and Morrisania,10456
New York,NY,Bronx,Hunts Point and Mott Haven,10454
New York,NY,Bronx,Hunts Point and Mott Haven,10455
New York,NY,Bronx,Hunts Point and Mott Haven,10459
New York,NY,Bronx,Hunts Point and Mott Haven,10474
New York,NY,Bronx,Kingsbridge and Riverdale,10463
New York,NY,Bronx,Kingsbridge and Riverdale,10471
New York,NY,Bronx,Northeast Bronx,10466
New York,NY,Bronx,Northeast Bronx,10469
New York,NY,Bronx,Northeast Bronx,10470
New York,NY,Bronx,Northeast Bronx,10475
New York,NY,Bronx,Southeast Bronx,10461
New York,NY,Bronx,Southeast Bronx,10462
New York,NY,Bronx,Southeast Bronx,10464
New York,NY,Bronx,Southeast Bronx,10465
New York,NY,Bronx,Southeast Bronx,10472
New York,NY,Bronx,Southeast Bronx,10473
New York,NY,Brooklyn,Central Brooklyn,11212
New York,NY,Brooklyn,Central Brooklyn,11213
New York,NY,Brooklyn,Central Brooklyn,11216
New York,NY,Brooklyn,Central Brooklyn,11233
New York,NY,Brooklyn,Central Brooklyn,11238
New York,NY,Brooklyn,Southwest Brooklyn,11209
New York,NY,Brooklyn,Southwest Brooklyn,11214
New York,NY,Brooklyn,Southwest Brooklyn,11228
New York,NY,Brooklyn,Borough Park,11204
New York,NY,Brooklyn,Borough Park,11218
New York,NY,Brooklyn,Borough Park,11219
New York,NY,Brooklyn,Borough Park,11230
New York,NY,Brooklyn,Canarsie and Flatlands,11234
New York,NY,Brooklyn,Canarsie and Flatlands,11236
New York,NY,Brooklyn,Canarsie and Flatlands,11239
New York,NY,Brooklyn,Southern Brooklyn,11223
New York,NY,Brooklyn,Southern Brooklyn,11224
New York,NY,Brooklyn,Southern Brooklyn,11229
New York,NY,Brooklyn,Southern Brooklyn,11235
New York,NY,Brooklyn,Northwest Brooklyn,11201
New York,NY,Brooklyn,Northwest Brooklyn,11205
New York,NY,Brooklyn,Northwest Brooklyn,11215
New York,NY,Brooklyn,Northwest Brooklyn,11217
New York,NY,Brooklyn,Northwest Brooklyn,11231
New York,NY,Brooklyn,Flatbush,11203
New York,NY,Brooklyn,Flatbush,11210
New York,NY,Brooklyn,Flatbush,11225
New York,NY,Brooklyn,Flatbush,11226
New York,NY,Brooklyn,East New York and New Lots,11207
New York,NY,Brooklyn,East New York and New Lots,11208
New York,NY,Brooklyn,Greenpoint,11211
New York,NY,Brooklyn,Greenpoint,11222
New York,NY,Brooklyn,Sunset Park,11220
New York,NY,Brooklyn,Sunset Park,11232
New York,NY,Brooklyn,Bushwick and Williamsburg,11206
New York,NY,Brooklyn,Bushwick and Williamsburg,11221
New York,NY,Brooklyn,Bushwick and Williamsburg,11237
New York,NY,Manhattan,Central Harlem,10026
New York,NY,Manhattan,Central Harlem,10027
New York,NY,Manhattan,Central Harlem,10030
New York,NY,Manhattan,Central Harlem,10037
New York,NY,Manhattan,Central Harlem,10039
New York,NY,Manhattan,Chelsea and Clinton,10001
New York,NY,Manhattan,Chelsea and Clinton,10011
New York,NY,Manhattan,Chelsea and Clinton,10018
New York,NY,Manhattan,Chelsea and Clinton,10019
New York,NY,Manhattan,Chelsea and Clinton,10020
New York,NY,Manhattan,Chelsea and Clinton,10036
New York,NY,Manhattan,East Harlem,10029
New York,NY,Manhattan,East Harlem,10035
New York,NY,Manhattan,Gramercy Park and Murray Hill,10010
New York,NY,Manhattan,Gramercy Park and Murray Hill,10016
New York,NY,Manhattan,Gramercy Park and Murray Hill,10017
New York,NY,Manhattan,Gramercy Park and Murray Hill,10022
New York,NY,Manhattan,Greenwich Village and Soho,10012
New York,NY,Manhattan,Greenwich Village and Soho,10013
New York,NY,Manhattan,Greenwich Village and Soho,10014
New York,NY,Manhattan,Lower Manhattan,10004
New York,NY,Manhattan,Lower Manhattan,10005
New York,NY,Manhattan,Lower Manhattan,10006
New York,NY,Manhattan,Lower Manhattan,10007
New York,NY,Manhattan,Lower Manhattan,10038
New York,NY,Manhattan,Lower Manhattan,10280
New York,NY,Manhattan,Lower East Side,10002
New York,NY,Manhattan,Lower East Side,10003
New York,NY,Manhattan,Lower East Side,10009
New York,NY,Manhattan,Upper East Side,10021
New York,NY,Manhattan,Upper East Side,10028
New York,NY,Manhattan,Upper East Side,10044
New York,NY,Manhattan,Upper East Side,10065
New York,NY,Manhattan,Upper East Side,10075
New York,NY,Manhattan,Upper East Side,10128
New York,NY,Manhattan,Upper West Side,10023
New York,NY,Manhattan,Upper West Side,10024
New York,NY,Manhattan,Upper West Side,10025
New York,NY,Manhattan,Inwood and Washington Heights,10031
New York,NY,Manhattan,Inwood and Washington Heights,10032
New York,NY,Manhattan,Inwood and Washington Heights,10033
New York,NY,Manhattan,Inwood and Washington Heights,10034
New York,NY,Manhattan,Inwood and Washington Heights,10040
New York,NY,Queens,Northeast Queens,11361
New York,NY,Queens,Northeast Queens,11362
New York,NY,Queens,Northeast Queens,11363
New York,NY,Queens,Northeast Queens,11364
New York,NY,Queens,North Queens,11354
New York,NY,Queens,North Queens,11355
New York,NY,Queens,North Queens,11356
New York,NY,Queens,North Queens,11357
New York,NY,Queens,North Queens,11358
New York,NY,Queens,North Queens,11359
New York,NY,Queens,North Queens,11360
New York,NY,Queens,Central Queens,11365
New York,NY,Queens,Central Queens,11366
New York,NY,Queens,Central Queens,11367
New York,NY,Queens,Jamaica,11412
New York,NY,Queens,Jamaica,11423
New York,NY,Queens,Jamaica,11432
New York,NY,Queens,Jamaica,11433
New York,NY,Queens,Jamaica,11434
New York,NY,Queens,Jamaica,11435
New York,NY,Queens,Jamaica,11436
New York,NY,Queens,Northwest Queens,11101
New York,NY,Queens,Northwest Queens,11102
New York,NY,Queens,Northwest Queens,11103
New York,NY,Queens,Northwest Queens,11104
New York,NY,Queens,Northwest Queens,11105
New York,NY,Queens,Northwest Queens,11106
New York,NY,Queens,West Central Queens,11374
New York,NY,Queens,West Central Queens,11375
New York,NY,Queens,West Central Queens,11379
New York,NY,Queens,West Central Queens,11385
New York,NY,Queens,Rockaways,11691
New York,NY,Queens,Rockaways,11692
New York,NY,Queens,Rockaways,11693
New York,NY,Queens,Rockaways,11694
New York,NY,Queens,Rockaways,11695
New York,NY,Queens,Rockaways,11697
New York,NY,Queens,Southeast Queens,11004
New York,NY,Queens,Southeast Queens,11005
New York,NY,Queens,Southeast Queens,11411
New York,NY,Queens,Southeast Queens,11413
New York,NY,Queens,Southeast Queens,11422
New York,NY,Queens,Southeast Queens,11426
New York,NY,Queens,Southeast Queens,11427
New York,NY,Queens,Southeast Queens,11428
New York,NY,Queens,Southeast Queens,11429
New York,NY,Queens,Southwest Queens,11414
New York,NY,Queens,Southwest Queens,11415
New York,NY,Queens,Southwest Queens,11416
New York,NY,Queens,Southwest Queens,11417
New York,NY,Queens,Southwest Queens,11418
New York,NY,Queens,Southwest Queens,11419
New York,NY,Queens,Southwest Queens,11420
New York,NY,Queens,Southwest Queens,11421
New York,NY,Queens,West Queens,11368
New York,NY,Queens,West Queens,11369
New York,NY,Queens,West Queens,11370
New York,NY,Queens,West Queens,11372
New York,NY,Queens,West Queens,11373
New York,NY,Queens,West Queens,11377
New York,NY,Queens,West Queens,11378
New York,NY,Staten Island,Port Richmond,10302
New York,NY,Staten Island,Port Richmond,10303
New York,NY,Staten Island,Port Richmond,10310
New York,NY,Staten Island,South Shore,10306
New York,NY,Staten Island,South Shore,10307
New York,NY,Staten Island,South Shore,10308
New York,NY,Staten Island,South Shore,10309
New York,NY,Staten Island,South Shore,10312
New York,NY,Staten Island,Stapleton and St. George,10301
New York,NY,Staten Island,Stapleton and St. George,10304
New York,NY,Staten Island,Stapleton and St. George,10305
New York,NY,Staten Island,Mid-Island,10314